Game,Cards in Set,Booster Pack,Price for 3 Cards,Booster Creator,Last Update
神明的一天世界-God's One Day World,5,$0.58,-7% ($0.54),-24% ($0.47),884min ago
! That Bastard Is Trying To Steal Our Gold !,5,$0.57,-171% ($0.21),-22% ($0.47),111min ago
!Anyway!,5,$0.60,-56% ($0.38),-28% ($0.47),78min ago
#KILLALLZOMBIES,5,$0.16,+35% ($0.25),+66% ($0.47),707min ago
#monstercakes,5,$0.12,+17% ($0.14),+74% ($0.47),117min ago
#SelfieTennis,10,$0.72,-114% ($0.34),-208% ($0.23),47min ago
$1 Ride,5,$0.12,+26% ($0.16),+74% ($0.47),209min ago
'n Verlore Verstand,6,$0.38,-36% ($0.28),+3% ($0.39),83min ago
</reality>,7,$0.59,-94% ($0.30),-77% ($0.33),168min ago
""" We Are The Dwarves",6,$0.21,+16% ($0.25),+46% ($0.39),351min ago
